"State_County","cnty_pop_mean","State","STATE_FIPS","CNTY_FIPS","COUNTY","FIPS","FIPS2"
"AK_Aleutians West Census Area",30.304347826087,"AK","02","016","Aleutians West Census Area","02016","f02016"
"AK_Anchorage Municipality",23.2173913043478,"AK","02","020","Anchorage Municipality","02020","f02020"
"AK_Fairbanks North Star Borough",47.695652173913,"AK","02","090","Fairbanks North Star Borough","02090","f02090"
"AK_Nome Census Area",96,"AK","02","180","Nome Census Area","02180","f02180"
"AK_Southeast Fairbanks Census Area",61.2173913043478,"AK","02","240","Southeast Fairbanks Census Area","02240","f02240"
"AK_Yukon-Koyukuk Census Area",9.08695652173913,"AK","02","290","Yukon-Koyukuk Census Area","02290","f02290"
"AR_Benton",6.52173913043478,"AR","05","007","Benton ","05007","f05007"
"AR_Garland",108.695652173913,"AR","05","051","Garland ","05051","f05051"
"AR_Randolph",1.30434782608696,"AR","05","121","Randolph ","05121","f05121"
"AZ_Apache",2.95652173913043,"AZ","04","001","Apache ","04001","f04001"
"AZ_Cochise",407.782608695652,"AZ","04","003","Cochise ","04003","f04003"
"AZ_Gila",53.0869565217391,"AZ","04","007","Gila ","04007","f04007"
"AZ_Graham",37.6521739130435,"AZ","04","009","Graham ","04009","f04009"
"AZ_Greenlee",9.56521739130435,"AZ","04","011","Greenlee ","04011","f04011"
"AZ_La Paz",116.130434782609,"AZ","04","012","La Paz ","04012","f04012"
"AZ_Maricopa",30402.652173913,"AZ","04","013","Maricopa ","04013","f04013"
"AZ_Mohave",2015.21739130435,"AZ","04","015","Mohave ","04015","f04015"
"AZ_Pima",141.04347826087,"AZ","04","019","Pima ","04019","f04019"
"AZ_Pinal",8460.26086956522,"AZ","04","021","Pinal ","04021","f04021"
"AZ_Santa Cruz",5.21739130434783,"AZ","04","023","Santa Cruz ","04023","f04023"
"AZ_Yavapai",621.652173913043,"AZ","04","025","Yavapai ","04025","f04025"
"AZ_Yuma",43.4782608695652,"AZ","04","027","Yuma ","04027","f04027"
"CA_Butte",55.4782608695652,"CA","06","007","Butte ","06007","f06007"
"CA_Contra Costa",22.6086956521739,"CA","06","013","Contra Costa ","06013","f06013"
"CA_Fresno",23652.1739130435,"CA","06","019","Fresno ","06019","f06019"
"CA_Glenn",1.52173913043478,"CA","06","021","Glenn ","06021","f06021"
"CA_Inyo",21.7391304347826,"CA","06","027","Inyo ","06027","f06027"
"CA_Kern",4354.26086956522,"CA","06","029","Kern ","06029","f06029"
"CA_Lake",12.3913043478261,"CA","06","033","Lake ","06033","f06033"
"CA_Lassen",15.2173913043478,"CA","06","035","Lassen ","06035","f06035"
"CA_Los Angeles",44907.4347826087,"CA","06","037","Los Angeles ","06037","f06037"
"CA_Madera",374,"CA","06","039","Madera ","06039","f06039"
"CA_Marin",52.1739130434783,"CA","06","041","Marin ","06041","f06041"
"CA_Mariposa",3.47826086956522,"CA","06","043","Mariposa ","06043","f06043"
"CA_Merced",172,"CA","06","047","Merced ","06047","f06047"
"CA_Monterey",10140.0434782609,"CA","06","053","Monterey ","06053","f06053"
"CA_Napa",26.0869565217391,"CA","06","055","Napa ","06055","f06055"
"CA_Orange",2943.47826086957,"CA","06","059","Orange ","06059","f06059"
"CA_Placer",26.0869565217391,"CA","06","061","Placer ","06061","f06061"
"CA_Plumas",3.26086956521739,"CA","06","063","Plumas ","06063","f06063"
"CA_Riverside",15364.347826087,"CA","06","065","Riverside ","06065","f06065"
"CA_Sacramento",7.60869565217391,"CA","06","067","Sacramento ","06067","f06067"
"CA_San Benito",2705.95652173913,"CA","06","069","San Benito ","06069","f06069"
"CA_San Bernardino",142.391304347826,"CA","06","071","San Bernardino ","06071","f06071"
"CA_San Diego",555.782608695652,"CA","06","073","San Diego ","06073","f06073"
"CA_San Joaquin",4150.65217391304,"CA","06","077","San Joaquin ","06077","f06077"
"CA_San Luis Obispo",1256.39130434783,"CA","06","079","San Luis Obispo ","06079","f06079"
"CA_San Mateo",194.739130434783,"CA","06","081","San Mateo ","06081","f06081"
"CA_Santa Barbara",8.91304347826087,"CA","06","083","Santa Barbara ","06083","f06083"
"CA_Santa Clara",98.5217391304348,"CA","06","085","Santa Clara ","06085","f06085"
"CA_Shasta",8.60869565217391,"CA","06","089","Shasta ","06089","f06089"
"CA_Siskiyou",48.0434782608696,"CA","06","093","Siskiyou ","06093","f06093"
"CA_Solano",126.260869565217,"CA","06","095","Solano ","06095","f06095"
"CA_Sonoma",26.7826086956522,"CA","06","097","Sonoma ","06097","f06097"
"CA_Stanislaus",22228.2173913043,"CA","06","099","Stanislaus ","06099","f06099"
"CA_Sutter",245.652173913043,"CA","06","101","Sutter ","06101","f06101"
"CA_Tehama",7.17391304347826,"CA","06","103","Tehama ","06103","f06103"
"CA_Tulare",4719.78260869565,"CA","06","107","Tulare ","06107","f06107"
"CA_Ventura",111.478260869565,"CA","06","111","Ventura ","06111","f06111"
"CA_Yolo",201.434782608696,"CA","06","113","Yolo ","06113","f06113"
"CO_Adams",24.6086956521739,"CO","08","001","Adams ","08001","f08001"
"CO_Arapahoe",0.739130434782609,"CO","08","005","Arapahoe ","08005","f08005"
"CO_Archuleta",5.17391304347826,"CO","08","007","Archuleta ","08007","f08007"
"CO_Boulder",8.26086956521739,"CO","08","013","Boulder ","08013","f08013"
"CO_Chaffee",47.0434782608696,"CO","08","015","Chaffee ","08015","f08015"
"CO_Cheyenne",43.9130434782609,"CO","08","017","Cheyenne ","08017","f08017"
"CO_Clear Creek",2.30434782608696,"CO","08","019","Clear Creek ","08019","f08019"
"CO_El Paso",857.347826086957,"CO","08","041","El Paso ","08041","f08041"
"CO_Fremont",2.17391304347826,"CO","08","043","Fremont ","08043","f08043"
"CO_Garfield",65.8695652173913,"CO","08","045","Garfield ","08045","f08045"
"CO_Gilpin",16.9565217391304,"CO","08","047","Gilpin ","08047","f08047"
"CO_Grand",10.8695652173913,"CO","08","049","Grand ","08049","f08049"
"CO_Jefferson",34.8260869565217,"CO","08","059","Jefferson ","08059","f08059"
"CO_Kiowa",14.7826086956522,"CO","08","061","Kiowa ","08061","f08061"
"CO_Kit Carson",841.434782608696,"CO","08","063","Kit Carson ","08063","f08063"
"CO_Lake",0,"CO","08","065","Lake ","08065","f08065"
"CO_Larimer",4.60869565217391,"CO","08","069","Larimer ","08069","f08069"
"CO_Lincoln",5.60869565217391,"CO","08","073","Lincoln ","08073","f08073"
"CO_Logan",35,"CO","08","075","Logan ","08075","f08075"
"CO_Morgan",232.173913043478,"CO","08","087","Morgan ","08087","f08087"
"CO_Otero",50.8260869565217,"CO","08","089","Otero ","08089","f08089"
"CO_Park",16.0434782608696,"CO","08","093","Park ","08093","f08093"
"CO_Pueblo",45.6521739130435,"CO","08","101","Pueblo ","08101","f08101"
"CO_Rio Blanco",4.34782608695652,"CO","08","103","Rio Blanco ","08103","f08103"
"CO_Rio Grande",19.8695652173913,"CO","08","105","Rio Grande ","08105","f08105"
"CO_Routt",2.69565217391304,"CO","08","107","Routt ","08107","f08107"
"CO_Sedgwick",13.8260869565217,"CO","08","115","Sedgwick ","08115","f08115"
"CO_Teller",146.130434782609,"CO","08","119","Teller ","08119","f08119"
"CO_Washington",20.4782608695652,"CO","08","121","Washington ","08121","f08121"
"CO_Weld",159.434782608696,"CO","08","123","Weld ","08123","f08123"
"CO_Yuma",65.8695652173913,"CO","08","125","Yuma ","08125","f08125"
"CT_Fairfield",60.3478260869565,"CT","09","001","Fairfield ","09001","f09001"
"CT_Hartford",6.82608695652174,"CT","09","003","Hartford ","09003","f09003"
"CT_Litchfield",19.7826086956522,"CT","09","005","Litchfield ","09005","f09005"
"CT_Middlesex",3.26086956521739,"CT","09","007","Middlesex ","09007","f09007"
"CT_New Haven",17.5652173913043,"CT","09","009","New Haven ","09009","f09009"
"CT_New London",49.5652173913044,"CT","09","011","New London ","09011","f09011"
"CT_Tolland",4.34782608695652,"CT","09","013","Tolland ","09013","f09013"
"CT_Windham",19.3478260869565,"CT","09","015","Windham ","09015","f09015"
"DE_Kent",628.347826086957,"DE","10","001","Kent ","10001","f10001"
"DE_New Castle",26.2608695652174,"DE","10","003","New Castle ","10003","f10003"
"DE_Sussex",2531.26086956522,"DE","10","005","Sussex ","10005","f10005"
"FL_Bradford",8.69565217391304,"FL","12","007","Bradford ","12007","f12007"
"FL_Brevard",3.26086956521739,"FL","12","009","Brevard ","12009","f12009"
"FL_Citrus",5.04347826086957,"FL","12","017","Citrus ","12017","f12017"
"FL_Columbia",1.08695652173913,"FL","12","023","Columbia ","12023","f12023"
"FL_Hardee",9.78260869565217,"FL","12","049","Hardee ","12049","f12049"
"FL_Highlands",3.56521739130435,"FL","12","055","Highlands ","12055","f12055"
"FL_Hillsborough",183.217391304348,"FL","12","057","Hillsborough ","12057","f12057"
"FL_Lafayette",31.6521739130435,"FL","12","067","Lafayette ","12067","f12067"
"FL_Lake",16.3478260869565,"FL","12","069","Lake ","12069","f12069"
"FL_Lee",3.69565217391304,"FL","12","071","Lee ","12071","f12071"
"FL_Marion",11.9565217391304,"FL","12","083","Marion ","12083","f12083"
"FL_Miami-Dade",14.7826086956522,"FL","12","086","Miami-Dade ","12086","f12086"
"FL_Orange",4.34782608695652,"FL","12","095","Orange ","12095","f12095"
"FL_Pasco",189.130434782609,"FL","12","101","Pasco ","12101","f12101"
"FL_Polk",47.6521739130435,"FL","12","105","Polk ","12105","f12105"
"FL_Suwannee",1.08695652173913,"FL","12","121","Suwannee ","12121","f12121"
"FL_Volusia",334.608695652174,"FL","12","127","Volusia ","12127","f12127"
"GA_Hall",4.65217391304348,"GA","13","139","Hall ","13139","f13139"
"GA_Jackson",8.69565217391304,"GA","13","157","Jackson ","13157","f13157"
"GA_Jefferson",15.2173913043478,"GA","13","163","Jefferson ","13163","f13163"
"GA_Macon",6.52173913043478,"GA","13","193","Macon ","13193","f13193"
"GA_Mitchell",2.52173913043478,"GA","13","205","Mitchell ","13205","f13205"
"GA_Randolph",47.4782608695652,"GA","13","243","Randolph ","13243","f13243"
"GA_White",7.43478260869565,"GA","13","311","White ","13311","f13311"
"IA_Allamakee",23.1304347826087,"IA","19","005","Allamakee ","19005","f19005"
"IA_Benton",111.260869565217,"IA","19","011","Benton ","19011","f19011"
"IA_Black Hawk",6240.21739130435,"IA","19","013","Black Hawk ","19013","f19013"
"IA_Bremer",123.565217391304,"IA","19","017","Bremer ","19017","f19017"
"IA_Buchanan",20.9565217391304,"IA","19","019","Buchanan ","19019","f19019"
"IA_Buena Vista",101.347826086957,"IA","19","021","Buena Vista ","19021","f19021"
"IA_Butler",24.3478260869565,"IA","19","023","Butler ","19023","f19023"
"IA_Carroll",23.1304347826087,"IA","19","027","Carroll ","19027","f19027"
"IA_Cass",141.04347826087,"IA","19","029","Cass ","19029","f19029"
"IA_Cerro Gordo",9.1304347826087,"IA","19","033","Cerro Gordo ","19033","f19033"
"IA_Chickasaw",27.1304347826087,"IA","19","037","Chickasaw ","19037","f19037"
"IA_Clay",131.739130434783,"IA","19","041","Clay ","19041","f19041"
"IA_Clayton",85.304347826087,"IA","19","043","Clayton ","19043","f19043"
"IA_Clinton",141.739130434783,"IA","19","045","Clinton ","19045","f19045"
"IA_Crawford",174.869565217391,"IA","19","047","Crawford ","19047","f19047"
"IA_Delaware",224.173913043478,"IA","19","055","Delaware ","19055","f19055"
"IA_Dubuque",448.739130434783,"IA","19","061","Dubuque ","19061","f19061"
"IA_Fayette",97.7391304347826,"IA","19","065","Fayette ","19065","f19065"
"IA_Floyd",4.8695652173913,"IA","19","067","Floyd ","19067","f19067"
"IA_Franklin",59.4782608695652,"IA","19","069","Franklin ","19069","f19069"
"IA_Guthrie",334.304347826087,"IA","19","077","Guthrie ","19077","f19077"
"IA_Hardin",17.8260869565217,"IA","19","083","Hardin ","19083","f19083"
"IA_Harrison",85.304347826087,"IA","19","085","Harrison ","19085","f19085"
"IA_Howard",64.9130434782609,"IA","19","089","Howard ","19089","f19089"
"IA_Humboldt",6.60869565217391,"IA","19","091","Humboldt ","19091","f19091"
"IA_Ida",266.478260869565,"IA","19","093","Ida ","19093","f19093"
"IA_Jackson",7.43478260869565,"IA","19","097","Jackson ","19097","f19097"
"IA_Jasper",73.0434782608696,"IA","19","099","Jasper ","19099","f19099"
"IA_Johnson",29.6086956521739,"IA","19","103","Johnson ","19103","f19103"
"IA_Jones",62.9130434782609,"IA","19","105","Jones ","19105","f19105"
"IA_Lee",74.8695652173913,"IA","19","111","Lee ","19111","f19111"
"IA_Linn",251.826086956522,"IA","19","113","Linn ","19113","f19113"
"IA_Louisa",9.82608695652174,"IA","19","115","Louisa ","19115","f19115"
"IA_Lyon",572.565217391304,"IA","19","119","Lyon ","19119","f19119"
"IA_Madison",1128.26086956522,"IA","19","121","Madison ","19121","f19121"
"IA_Mahaska",89.1304347826087,"IA","19","123","Mahaska ","19123","f19123"
"IA_Marshall",21.9565217391304,"IA","19","127","Marshall ","19127","f19127"
"IA_Mills",139.521739130435,"IA","19","129","Mills ","19129","f19129"
"IA_Mitchell",199.304347826087,"IA","19","131","Mitchell ","19131","f19131"
"IA_Monona",258.173913043478,"IA","19","133","Monona ","19133","f19133"
"IA_Muscatine",27.4347826086957,"IA","19","139","Muscatine ","19139","f19139"
"IA_O'Brien",2.43478260869565,"IA","19","141","O'Brien ","19141","f19141"
"IA_Page",488.782608695652,"IA","19","145","Page ","19145","f19145"
"IA_Palo Alto",41.1739130434783,"IA","19","147","Palo Alto ","19147","f19147"
"IA_Pocahontas",3.91304347826087,"IA","19","151","Pocahontas ","19151","f19151"
"IA_Pottawattamie",45.6521739130435,"IA","19","155","Pottawattamie ","19155","f19155"
"IA_Sac",97.0869565217391,"IA","19","161","Sac ","19161","f19161"
"IA_Scott",78.0434782608696,"IA","19","163","Scott ","19163","f19163"
"IA_Sioux",583.304347826087,"IA","19","167","Sioux ","19167","f19167"
"IA_Van Buren",57.7391304347826,"IA","19","177","Van Buren ","19177","f19177"
"IA_Warren",5.69565217391304,"IA","19","181","Warren ","19181","f19181"
"IA_Winneshiek",43.0434782608696,"IA","19","191","Winneshiek ","19191","f19191"
"IA_Woodbury",290.434782608696,"IA","19","193","Woodbury ","19193","f19193"
"IA_Wright",4.34782608695652,"IA","19","197","Wright ","19197","f19197"
"ID_Ada",26.5217391304348,"ID","16","001","Ada ","16001","f16001"
"ID_Bannock",7.8695652173913,"ID","16","005","Bannock ","16005","f16005"
"ID_Bingham",120,"ID","16","011","Bingham ","16011","f16011"
"ID_Boise",25.8695652173913,"ID","16","015","Boise ","16015","f16015"
"ID_Canyon",114.130434782609,"ID","16","027","Canyon ","16027","f16027"
"ID_Caribou",11.0434782608696,"ID","16","029","Caribou ","16029","f16029"
"ID_Cassia",43.0869565217391,"ID","16","031","Cassia ","16031","f16031"
"ID_Elmore",565.217391304348,"ID","16","039","Elmore ","16039","f16039"
"ID_Franklin",11.0869565217391,"ID","16","041","Franklin ","16041","f16041"
"ID_Fremont",245.434782608696,"ID","16","043","Fremont ","16043","f16043"
"ID_Kootenai",1.52173913043478,"ID","16","055","Kootenai ","16055","f16055"
"ID_Latah",0.0869565217391304,"ID","16","057","Latah ","16057","f16057"
"ID_Lincoln",0,"ID","16","063","Lincoln ","16063","f16063"
"ID_Madison",7.17391304347826,"ID","16","065","Madison ","16065","f16065"
"ID_Nez Perce",25.4782608695652,"ID","16","069","Nez Perce ","16069","f16069"
"ID_Owyhee",39.8260869565217,"ID","16","073","Owyhee ","16073","f16073"
"ID_Payette",0,"ID","16","075","Payette ","16075","f16075"
"ID_Twin Falls",24.3478260869565,"ID","16","083","Twin Falls ","16083","f16083"
"ID_Washington",7.47826086956522,"ID","16","087","Washington ","16087","f16087"
"IL_Adams",129.565217391304,"IL","17","001","Adams ","17001","f17001"
"IL_Boone",13.0434782608696,"IL","17","007","Boone ","17007","f17007"
"IL_Bureau",4.65217391304348,"IL","17","011","Bureau ","17011","f17011"
"IL_Carroll",95.6521739130435,"IL","17","015","Carroll ","17015","f17015"
"IL_Clinton",177.391304347826,"IL","17","027","Clinton ","17027","f17027"
"IL_Coles",6.52173913043478,"IL","17","029","Coles ","17029","f17029"
"IL_Crawford",48.1739130434783,"IL","17","033","Crawford ","17033","f17033"
"IL_Edgar",394.652173913043,"IL","17","045","Edgar ","17045","f17045"
"IL_Fulton",6.95652173913043,"IL","17","057","Fulton ","17057","f17057"
"IL_Greene",126.086956521739,"IL","17","061","Greene ","17061","f17061"
"IL_Henderson",22.9130434782609,"IL","17","071","Henderson ","17071","f17071"
"IL_Henry",8.26086956521739,"IL","17","073","Henry ","17073","f17073"
"IL_Jo Daviess",13.0434782608696,"IL","17","085","Jo Daviess ","17085","f17085"
"IL_Kane",21.7391304347826,"IL","17","089","Kane ","17089","f17089"
"IL_Kendall",1.08695652173913,"IL","17","093","Kendall ","17093","f17093"
"IL_LaSalle",14.5217391304348,"IL","17","099","LaSalle ","17099","f17099"
"IL_Lawrence",1290.82608695652,"IL","17","101","Lawrence ","17101","f17101"
"IL_Lee",25.6521739130435,"IL","17","103","Lee ","17103","f17103"
"IL_Logan",134.434782608696,"IL","17","107","Logan ","17107","f17107"
"IL_Macon",21944.7826086957,"IL","17","115","Macon ","17115","f17115"
"IL_Madison",4.34782608695652,"IL","17","119","Madison ","17119","f17119"
"IL_Marshall",24.7826086956522,"IL","17","123","Marshall ","17123","f17123"
"IL_Mason",101.217391304348,"IL","17","125","Mason ","17125","f17125"
"IL_McDonough",4.78260869565217,"IL","17","109","McDonough ","17109","f17109"
"IL_McHenry",10.8695652173913,"IL","17","111","McHenry ","17111","f17111"
"IL_Mercer",56.5217391304348,"IL","17","131","Mercer ","17131","f17131"
"IL_Monroe",34.1304347826087,"IL","17","133","Monroe ","17133","f17133"
"IL_Ogle",64.1304347826087,"IL","17","141","Ogle ","17141","f17141"
"IL_Peoria",146.347826086957,"IL","17","143","Peoria ","17143","f17143"
"IL_Pike",114.608695652174,"IL","17","149","Pike ","17149","f17149"
"IL_Putnam",10.8695652173913,"IL","17","155","Putnam ","17155","f17155"
"IL_Rock Island",8.69565217391304,"IL","17","161","Rock Island ","17161","f17161"
"IL_Shelby",3.47826086956522,"IL","17","173","Shelby ","17173","f17173"
"IL_Stephenson",1.34782608695652,"IL","17","177","Stephenson ","17177","f17177"
"IL_Tazewell",59.1304347826087,"IL","17","179","Tazewell ","17179","f17179"
"IL_Vermilion",8835.13043478261,"IL","17","183","Vermilion ","17183","f17183"
"IL_Warren",86,"IL","17","187","Warren ","17187","f17187"
"IL_Whiteside",119.130434782609,"IL","17","195","Whiteside ","17195","f17195"
"IL_Winnebago",78.9565217391304,"IL","17","201","Winnebago ","17201","f17201"
"IN_Adams",1.08695652173913,"IN","18","001","Adams ","18001","f18001"
"IN_Bartholomew",526.086956521739,"IN","18","005","Bartholomew ","18005","f18005"
"IN_Blackford",2.1304347826087,"IN","18","009","Blackford ","18009","f18009"
"IN_Cass",34.695652173913,"IN","18","017","Cass ","18017","f18017"
"IN_Daviess",9.91304347826087,"IN","18","027","Daviess ","18027","f18027"
"IN_Decatur",1.65217391304348,"IN","18","031","Decatur ","18031","f18031"
"IN_Delaware",1.26086956521739,"IN","18","035","Delaware ","18035","f18035"
"IN_Elkhart",255.260869565217,"IN","18","039","Elkhart ","18039","f18039"
"IN_Fayette",28.2608695652174,"IN","18","041","Fayette ","18041","f18041"
"IN_Fulton",1.1304347826087,"IN","18","049","Fulton ","18049","f18049"
"IN_Gibson",109.565217391304,"IN","18","051","Gibson ","18051","f18051"
"IN_Hamilton",17.3913043478261,"IN","18","057","Hamilton ","18057","f18057"
"IN_Hendricks",20.0869565217391,"IN","18","063","Hendricks ","18063","f18063"
"IN_Henry",8.26086956521739,"IN","18","065","Henry ","18065","f18065"
"IN_Howard",8.69565217391304,"IN","18","067","Howard ","18067","f18067"
"IN_Jackson",1.39130434782609,"IN","18","071","Jackson ","18071","f18071"
"IN_Jasper",1.26086956521739,"IN","18","073","Jasper ","18073","f18073"
"IN_Jefferson",21.7391304347826,"IN","18","077","Jefferson ","18077","f18077"
"IN_Knox",180.608695652174,"IN","18","083","Knox ","18083","f18083"
"IN_Kosciusko",94.4347826086957,"IN","18","085","Kosciusko ","18085","f18085"
"IN_LaGrange",356.04347826087,"IN","18","087","LaGrange ","18087","f18087"
"IN_Lake",546.608695652174,"IN","18","089","Lake ","18089","f18089"
"IN_LaPorte",355.869565217391,"IN","18","091","LaPorte ","18091","f18091"
"IN_Marion",4.34782608695652,"IN","18","097","Marion ","18097","f18097"
"IN_Marshall",33.6086956521739,"IN","18","099","Marshall ","18099","f18099"
"IN_Miami",7.30434782608696,"IN","18","103","Miami ","18103","f18103"
"IN_Morgan",12.6086956521739,"IN","18","109","Morgan ","18109","f18109"
"IN_Newton",35.5217391304348,"IN","18","111","Newton ","18111","f18111"
"IN_Noble",35.9130434782609,"IN","18","113","Noble ","18113","f18113"
"IN_Parke",180.695652173913,"IN","18","121","Parke ","18121","f18121"
"IN_Posey",88.3913043478261,"IN","18","129","Posey ","18129","f18129"
"IN_Pulaski",4.34782608695652,"IN","18","131","Pulaski ","18131","f18131"
"IN_Randolph",24.1304347826087,"IN","18","135","Randolph ","18135","f18135"
"IN_Ripley",7.30434782608696,"IN","18","137","Ripley ","18137","f18137"
"IN_Rush",86.9565217391304,"IN","18","139","Rush ","18139","f18139"
"IN_Shelby",16.7826086956522,"IN","18","145","Shelby ","18145","f18145"
"IN_St. Joseph",217.565217391304,"IN","18","141","St. Joseph ","18141","f18141"
"IN_Starke",2.21739130434783,"IN","18","149","Starke ","18149","f18149"
"IN_Steuben",20.695652173913,"IN","18","151","Steuben ","18151","f18151"
"IN_Sullivan",219.782608695652,"IN","18","153","Sullivan ","18153","f18153"
"IN_Tippecanoe",25.0434782608696,"IN","18","157","Tippecanoe ","18157","f18157"
"IN_Union",48.9130434782609,"IN","18","161","Union ","18161","f18161"
"IN_Vermillion",383.695652173913,"IN","18","165","Vermillion ","18165","f18165"
"IN_Vigo",126.695652173913,"IN","18","167","Vigo ","18167","f18167"
"IN_Wabash",1.73913043478261,"IN","18","169","Wabash ","18169","f18169"
"IN_Warren",44.7826086956522,"IN","18","171","Warren ","18171","f18171"
"IN_Wayne",20.0869565217391,"IN","18","177","Wayne ","18177","f18177"
"IN_White",15.3913043478261,"IN","18","181","White ","18181","f18181"
"KS_Anderson",25.4782608695652,"KS","20","003","Anderson ","20003","f20003"
"KS_Brown",2233,"KS","20","013","Brown ","20013","f20013"
"KS_Clay",151.478260869565,"KS","20","027","Clay ","20027","f20027"
"KS_Comanche",31.7391304347826,"KS","20","033","Comanche ","20033","f20033"
"KS_Decatur",235.130434782609,"KS","20","039","Decatur ","20039","f20039"
"KS_Dickinson",1742.78260869565,"KS","20","041","Dickinson ","20041","f20041"
"KS_Doniphan",79.8260869565217,"KS","20","043","Doniphan ","20043","f20043"
"KS_Edwards",106.782608695652,"KS","20","047","Edwards ","20047","f20047"
"KS_Ellis",9.17391304347826,"KS","20","051","Ellis ","20051","f20051"
"KS_Ellsworth",61.8260869565217,"KS","20","053","Ellsworth ","20053","f20053"
"KS_Finney",1598.91304347826,"KS","20","055","Finney ","20055","f20055"
"KS_Ford",2533.04347826087,"KS","20","057","Ford ","20057","f20057"
"KS_Gove",64.1739130434783,"KS","20","063","Gove ","20063","f20063"
"KS_Graham",18.7826086956522,"KS","20","065","Graham ","20065","f20065"
"KS_Gray",53.5652173913044,"KS","20","069","Gray ","20069","f20069"
"KS_Greeley",37.695652173913,"KS","20","071","Greeley ","20071","f20071"
"KS_Harper",397.173913043478,"KS","20","077","Harper ","20077","f20077"
"KS_Haskell",53.7391304347826,"KS","20","081","Haskell ","20081","f20081"
"KS_Jefferson",116,"KS","20","087","Jefferson ","20087","f20087"
"KS_Jewell",479.913043478261,"KS","20","089","Jewell ","20089","f20089"
"KS_Kingman",764.608695652174,"KS","20","095","Kingman ","20095","f20095"
"KS_Kiowa",406.260869565217,"KS","20","097","Kiowa ","20097","f20097"
"KS_Lane",19.6521739130435,"KS","20","101","Lane ","20101","f20101"
"KS_Lincoln",47.4782608695652,"KS","20","105","Lincoln ","20105","f20105"
"KS_Logan",273.391304347826,"KS","20","109","Logan ","20109","f20109"
"KS_Marion",59.304347826087,"KS","20","115","Marion ","20115","f20115"
"KS_Marshall",52.5652173913044,"KS","20","117","Marshall ","20117","f20117"
"KS_McPherson",27.0434782608696,"KS","20","113","McPherson ","20113","f20113"
"KS_Meade",94.6086956521739,"KS","20","119","Meade ","20119","f20119"
"KS_Mitchell",18.9130434782609,"KS","20","123","Mitchell ","20123","f20123"
"KS_Morris",162.913043478261,"KS","20","127","Morris ","20127","f20127"
"KS_Ness",84.7826086956522,"KS","20","135","Ness ","20135","f20135"
"KS_Norton",137.04347826087,"KS","20","137","Norton ","20137","f20137"
"KS_Osage",21.7391304347826,"KS","20","139","Osage ","20139","f20139"
"KS_Osborne",216.434782608696,"KS","20","141","Osborne ","20141","f20141"
"KS_Ottawa",43.3913043478261,"KS","20","143","Ottawa ","20143","f20143"
"KS_Pawnee",369.565217391304,"KS","20","145","Pawnee ","20145","f20145"
"KS_Phillips",291.04347826087,"KS","20","147","Phillips ","20147","f20147"
"KS_Pottawatomie",311.565217391304,"KS","20","149","Pottawatomie ","20149","f20149"
"KS_Pratt",318.652173913043,"KS","20","151","Pratt ","20151","f20151"
"KS_Rawlins",20.7391304347826,"KS","20","153","Rawlins ","20153","f20153"
"KS_Reno",960.304347826087,"KS","20","155","Reno ","20155","f20155"
"KS_Republic",37.9130434782609,"KS","20","157","Republic ","20157","f20157"
"KS_Rice",338.173913043478,"KS","20","159","Rice ","20159","f20159"
"KS_Riley",118.173913043478,"KS","20","161","Riley ","20161","f20161"
"KS_Rooks",218.521739130435,"KS","20","163","Rooks ","20163","f20163"
"KS_Rush",21.0434782608696,"KS","20","165","Rush ","20165","f20165"
"KS_Russell",103.565217391304,"KS","20","167","Russell ","20167","f20167"
"KS_Scott",1001.21739130435,"KS","20","171","Scott ","20171","f20171"
"KS_Sedgwick",557.173913043478,"KS","20","173","Sedgwick ","20173","f20173"
"KS_Shawnee",62.1739130434783,"KS","20","177","Shawnee ","20177","f20177"
"KS_Sherman",1744.04347826087,"KS","20","181","Sherman ","20181","f20181"
"KS_Smith",43.3478260869565,"KS","20","183","Smith ","20183","f20183"
"KS_Stafford",213.04347826087,"KS","20","185","Stafford ","20185","f20185"
"KS_Sumner",2319.86956521739,"KS","20","191","Sumner ","20191","f20191"
"KS_Thomas",170.695652173913,"KS","20","193","Thomas ","20193","f20193"
"KS_Wabaunsee",45.6521739130435,"KS","20","197","Wabaunsee ","20197","f20197"
"KS_Washington",155.347826086957,"KS","20","201","Washington ","20201","f20201"
"KS_Wichita",322.608695652174,"KS","20","203","Wichita ","20203","f20203"
"KY_Ballard",0,"KY","21","007","Ballard ","21007","f21007"
"KY_Harlan",313.695652173913,"KY","21","095","Harlan ","21095","f21095"
"KY_Morgan",3.73913043478261,"KY","21","175","Morgan ","21175","f21175"
"MA_Barnstable",40.9565217391304,"MA","25","001","Barnstable ","25001","f25001"
"MA_Berkshire",34.7826086956522,"MA","25","003","Berkshire ","25003","f25003"
"MA_Bristol",69.5652173913043,"MA","25","005","Bristol ","25005","f25005"
"MA_Franklin",2.17391304347826,"MA","25","011","Franklin ","25011","f25011"
"MA_Hampden",1.73913043478261,"MA","25","013","Hampden ","25013","f25013"
"MA_Hampshire",6.30434782608696,"MA","25","015","Hampshire ","25015","f25015"
"MA_Middlesex",36.5217391304348,"MA","25","017","Middlesex ","25017","f25017"
"MA_Norfolk",1128.4347826087,"MA","25","021","Norfolk ","25021","f25021"
"MA_Plymouth",8.69565217391304,"MA","25","023","Plymouth ","25023","f25023"
"MA_Worcester",41.8260869565217,"MA","25","027","Worcester ","25027","f25027"
"MD_Allegany",8.47826086956522,"MD","24","001","Allegany ","24001","f24001"
"MD_Anne Arundel",34.3478260869565,"MD","24","003","Anne Arundel ","24003","f24003"
"MD_Baltimore",218.217391304348,"MD","24","005","Baltimore ","24005","f24005"
"MD_Caroline",31.4347826086957,"MD","24","011","Caroline ","24011","f24011"
"MD_Carroll",5873.04347826087,"MD","24","013","Carroll ","24013","f24013"
"MD_Cecil",16.1739130434783,"MD","24","015","Cecil ","24015","f24015"
"MD_Charles",1.08695652173913,"MD","24","017","Charles ","24017","f24017"
"MD_Dorchester",32.6086956521739,"MD","24","019","Dorchester ","24019","f24019"
"MD_Frederick",78.4782608695652,"MD","24","021","Frederick ","24021","f24021"
"MD_Harford",380.608695652174,"MD","24","025","Harford ","24025","f24025"
"MD_Howard",78.3478260869565,"MD","24","027","Howard ","24027","f24027"
"MD_Kent",12.3913043478261,"MD","24","029","Kent ","24029","f24029"
"MD_Montgomery",35.695652173913,"MD","24","031","Montgomery ","24031","f24031"
"MD_Queen Anne's",40.6521739130435,"MD","24","035","Queen Anne's ","24035","f24035"
"MD_Talbot",24.2608695652174,"MD","24","041","Talbot ","24041","f24041"
"MD_Washington",97.6521739130435,"MD","24","043","Washington ","24043","f24043"
"MD_Wicomico",177.347826086957,"MD","24","045","Wicomico ","24045","f24045"
"MD_Worcester",16.8260869565217,"MD","24","047","Worcester ","24047","f24047"
"ME_Aroostook",130.304347826087,"ME","23","003","Aroostook ","23003","f23003"
"ME_Cumberland",15.695652173913,"ME","23","005","Cumberland ","23005","f23005"
"ME_Hancock",17.0434782608696,"ME","23","009","Hancock ","23009","f23009"
"ME_Lincoln",6.73913043478261,"ME","23","015","Lincoln ","23015","f23015"
"ME_Penobscot",47.6086956521739,"ME","23","019","Penobscot ","23019","f23019"
"ME_Piscataquis",11.2608695652174,"ME","23","021","Piscataquis ","23021","f23021"
"ME_Somerset",24.5652173913043,"ME","23","025","Somerset ","23025","f23025"
"ME_York",12.1739130434783,"ME","23","031","York ","23031","f23031"
"MI_Alger",2.17391304347826,"MI","26","003","Alger ","26003","f26003"
"MI_Allegan",58.0434782608696,"MI","26","005","Allegan ","26005","f26005"
"MI_Alpena",9.1304347826087,"MI","26","007","Alpena ","26007","f26007"
"MI_Antrim",8.8695652173913,"MI","26","009","Antrim ","26009","f26009"
"MI_Barry",148.782608695652,"MI","26","015","Barry ","26015","f26015"
"MI_Benzie",1.30434782608696,"MI","26","019","Benzie ","26019","f26019"
"MI_Berrien",5.8695652173913,"MI","26","021","Berrien ","26021","f26021"
"MI_Branch",81.304347826087,"MI","26","023","Branch ","26023","f26023"
"MI_Calhoun",8.69565217391304,"MI","26","025","Calhoun ","26025","f26025"
"MI_Cass",101.95652173913,"MI","26","027","Cass ","26027","f26027"
"MI_Charlevoix",16.4782608695652,"MI","26","029","Charlevoix ","26029","f26029"
"MI_Clare",6.52173913043478,"MI","26","035","Clare ","26035","f26035"
"MI_Dickinson",1.52173913043478,"MI","26","043","Dickinson ","26043","f26043"
"MI_Emmet",12.2608695652174,"MI","26","047","Emmet ","26047","f26047"
"MI_Hillsdale",21.1739130434783,"MI","26","059","Hillsdale ","26059","f26059"
"MI_Ionia",54.7391304347826,"MI","26","067","Ionia ","26067","f26067"
"MI_Iosco",7.82608695652174,"MI","26","069","Iosco ","26069","f26069"
"MI_Iron",2.17391304347826,"MI","26","071","Iron ","26071","f26071"
"MI_Isabella",2.39130434782609,"MI","26","073","Isabella ","26073","f26073"
"MI_Kalamazoo",65.7826086956522,"MI","26","077","Kalamazoo ","26077","f26077"
"MI_Kalkaska",1.08695652173913,"MI","26","079","Kalkaska ","26079","f26079"
"MI_Kent",134.347826086957,"MI","26","081","Kent ","26081","f26081"
"MI_Leelanau",13.9130434782609,"MI","26","089","Leelanau ","26089","f26089"
"MI_Lenawee",423.217391304348,"MI","26","091","Lenawee ","26091","f26091"
"MI_Livingston",10.8695652173913,"MI","26","093","Livingston ","26093","f26093"
"MI_Luce",4.34782608695652,"MI","26","095","Luce ","26095","f26095"
"MI_Manistee",2.17391304347826,"MI","26","101","Manistee ","26101","f26101"
"MI_Mason",48.2608695652174,"MI","26","105","Mason ","26105","f26105"
"MI_Mecosta",3.26086956521739,"MI","26","107","Mecosta ","26107","f26107"
"MI_Menominee",3.26086956521739,"MI","26","109","Menominee ","26109","f26109"
"MI_Missaukee",3.26086956521739,"MI","26","113","Missaukee ","26113","f26113"
"MI_Monroe",172.04347826087,"MI","26","115","Monroe ","26115","f26115"
"MI_Montcalm",23.9130434782609,"MI","26","117","Montcalm ","26117","f26117"
"MI_Muskegon",35,"MI","26","121","Muskegon ","26121","f26121"
"MI_Newaygo",2.21739130434783,"MI","26","123","Newaygo ","26123","f26123"
"MI_Oakland",14.7826086956522,"MI","26","125","Oakland ","26125","f26125"
"MI_Oceana",61.5652173913044,"MI","26","127","Oceana ","26127","f26127"
"MI_Osceola",1.08695652173913,"MI","26","133","Osceola ","26133","f26133"
"MI_Oscoda",1.69565217391304,"MI","26","135","Oscoda ","26135","f26135"
"MI_Otsego",7.60869565217391,"MI","26","137","Otsego ","26137","f26137"
"MI_Ottawa",68.4782608695652,"MI","26","139","Ottawa ","26139","f26139"
"MI_Roscommon",1.08695652173913,"MI","26","143","Roscommon ","26143","f26143"
"MI_St. Joseph",154.130434782609,"MI","26","149","St. Joseph ","26149","f26149"
"MI_Tuscola",1.73913043478261,"MI","26","157","Tuscola ","26157","f26157"
"MI_Van Buren",4.34782608695652,"MI","26","159","Van Buren ","26159","f26159"
"MI_Wexford",1.08695652173913,"MI","26","165","Wexford ","26165","f26165"
"MN_Anoka",1.08695652173913,"MN","27","003","Anoka ","27003","f27003"
"MN_Becker",23.0869565217391,"MN","27","005","Becker ","27005","f27005"
"MN_Beltrami",9.78260869565217,"MN","27","007","Beltrami ","27007","f27007"
"MN_Benton",89.1304347826087,"MN","27","009","Benton ","27009","f27009"
"MN_Big Stone",23,"MN","27","011","Big Stone ","27011","f27011"
"MN_Brown",13.9130434782609,"MN","27","015","Brown ","27015","f27015"
"MN_Carlton",5.21739130434783,"MN","27","017","Carlton ","27017","f27017"
"MN_Carver",1.08695652173913,"MN","27","019","Carver ","27019","f27019"
"MN_Cass",16.304347826087,"MN","27","021","Cass ","27021","f27021"
"MN_Chippewa",23.9130434782609,"MN","27","023","Chippewa ","27023","f27023"
"MN_Chisago",4.34782608695652,"MN","27","025","Chisago ","27025","f27025"
"MN_Crow Wing",51.1739130434783,"MN","27","035","Crow Wing ","27035","f27035"
"MN_Dakota",1060.65217391304,"MN","27","037","Dakota ","27037","f27037"
"MN_Douglas",12.304347826087,"MN","27","041","Douglas ","27041","f27041"
"MN_Fillmore",77.4347826086957,"MN","27","045","Fillmore ","27045","f27045"
"MN_Goodhue",109.913043478261,"MN","27","049","Goodhue ","27049","f27049"
"MN_Houston",2.17391304347826,"MN","27","055","Houston ","27055","f27055"
"MN_Hubbard",380.478260869565,"MN","27","057","Hubbard ","27057","f27057"
"MN_Isanti",5.43478260869565,"MN","27","059","Isanti ","27059","f27059"
"MN_Jackson",18.4782608695652,"MN","27","063","Jackson ","27063","f27063"
"MN_Kanabec",1.73913043478261,"MN","27","065","Kanabec ","27065","f27065"
"MN_Kandiyohi",2.17391304347826,"MN","27","067","Kandiyohi ","27067","f27067"
"MN_Lake",4.34782608695652,"MN","27","075","Lake ","27075","f27075"
"MN_Lake of the Woods",1.08695652173913,"MN","27","077","Lake of the Woods ","27077","f27077"
"MN_Lincoln",571.739130434783,"MN","27","081","Lincoln ","27081","f27081"
"MN_Lyon",1.08695652173913,"MN","27","083","Lyon ","27083","f27083"
"MN_Martin",449.04347826087,"MN","27","091","Martin ","27091","f27091"
"MN_Mille Lacs",3.26086956521739,"MN","27","095","Mille Lacs ","27095","f27095"
"MN_Morrison",85.8695652173913,"MN","27","097","Morrison ","27097","f27097"
"MN_Mower",1.95652173913043,"MN","27","099","Mower ","27099","f27099"
"MN_Murray",11.7391304347826,"MN","27","101","Murray ","27101","f27101"
"MN_Nobles",28.3478260869565,"MN","27","105","Nobles ","27105","f27105"
"MN_Norman",3.26086956521739,"MN","27","107","Norman ","27107","f27107"
"MN_Olmsted",27.1739130434783,"MN","27","109","Olmsted ","27109","f27109"
"MN_Otter Tail",58.8260869565217,"MN","27","111","Otter Tail ","27111","f27111"
"MN_Pine",2.17391304347826,"MN","27","115","Pine ","27115","f27115"
"MN_Pipestone",2.17391304347826,"MN","27","117","Pipestone ","27117","f27117"
"MN_Pope",1.30434782608696,"MN","27","121","Pope ","27121","f27121"
"MN_Redwood",6.52173913043478,"MN","27","127","Redwood ","27127","f27127"
"MN_Rice",20,"MN","27","131","Rice ","27131","f27131"
"MN_Rock",20.2173913043478,"MN","27","133","Rock ","27133","f27133"
"MN_Roseau",1.08695652173913,"MN","27","135","Roseau ","27135","f27135"
"MN_Scott",5,"MN","27","139","Scott ","27139","f27139"
"MN_Sherburne",101.652173913043,"MN","27","141","Sherburne ","27141","f27141"
"MN_St. Louis",3.82608695652174,"MN","27","137","St. Louis ","27137","f27137"
"MN_Stearns",1077,"MN","27","145","Stearns ","27145","f27145"
"MN_Swift",1.08695652173913,"MN","27","151","Swift ","27151","f27151"
"MN_Todd",35,"MN","27","153","Todd ","27153","f27153"
"MN_Traverse",3.26086956521739,"MN","27","155","Traverse ","27155","f27155"
"MN_Wabasha",10,"MN","27","157","Wabasha ","27157","f27157"
"MN_Wadena",9.78260869565217,"MN","27","159","Wadena ","27159","f27159"
"MN_Washington",43.2608695652174,"MN","27","163","Washington ","27163","f27163"
"MN_Watonwan",6.52173913043478,"MN","27","165","Watonwan ","27165","f27165"
"MN_Winona",261.086956521739,"MN","27","169","Winona ","27169","f27169"
"MN_Wright",28.0434782608696,"MN","27","171","Wright ","27171","f27171"
"MO_Barry",1.30434782608696,"MO","29","009","Barry ","29009","f29009"
"MO_Camden",6.56521739130435,"MO","29","029","Camden ","29029","f29029"
"MO_Dallas",1.08695652173913,"MO","29","059","Dallas ","29059","f29059"
"MO_Holt",13.9130434782609,"MO","29","087","Holt ","29087","f29087"
"MO_New Madrid",1.08695652173913,"MO","29","143","New Madrid ","29143","f29143"
"MO_Perry",8.69565217391304,"MO","29","157","Perry ","29157","f29157"
"MO_Ripley",26.5217391304348,"MO","29","181","Ripley ","29181","f29181"
"MO_Stone",2.43478260869565,"MO","29","209","Stone ","29209","f29209"
"MT_Beaverhead",1.30434782608696,"MT","30","001","Beaverhead ","30001","f30001"
"MT_Big Horn",74.0869565217391,"MT","30","003","Big Horn ","30003","f30003"
"MT_Blaine",28,"MT","30","005","Blaine ","30005","f30005"
"MT_Broadwater",6.65217391304348,"MT","30","007","Broadwater ","30007","f30007"
"MT_Cascade",11.1739130434783,"MT","30","013","Cascade ","30013","f30013"
"MT_Daniels",31.7826086956522,"MT","30","019","Daniels ","30019","f30019"
"MT_Fergus",91.6521739130435,"MT","30","027","Fergus ","30027","f30027"
"MT_Flathead",31.5217391304348,"MT","30","029","Flathead ","30029","f30029"
"MT_Gallatin",4.34782608695652,"MT","30","031","Gallatin ","30031","f30031"
"MT_Glacier",4.95652173913043,"MT","30","035","Glacier ","30035","f30035"
"MT_Golden Valley",8.69565217391304,"MT","30","037","Golden Valley ","30037","f30037"
"MT_Granite",3.47826086956522,"MT","30","039","Granite ","30039","f30039"
"MT_Jefferson",30,"MT","30","043","Jefferson ","30043","f30043"
"MT_Judith Basin",43.0434782608696,"MT","30","045","Judith Basin ","30045","f30045"
"MT_Lake",5.21739130434783,"MT","30","047","Lake ","30047","f30047"
"MT_Lewis and Clark",87.1739130434783,"MT","30","049","Lewis and Clark ","30049","f30049"
"MT_Meagher",2.34782608695652,"MT","30","059","Meagher ","30059","f30059"
"MT_Missoula",5.39130434782609,"MT","30","063","Missoula ","30063","f30063"
"MT_Pondera",11.304347826087,"MT","30","073","Pondera ","30073","f30073"
"MT_Ravalli",47.5652173913044,"MT","30","081","Ravalli ","30081","f30081"
"MT_Richland",5.39130434782609,"MT","30","083","Richland ","30083","f30083"
"MT_Rosebud",16.304347826087,"MT","30","087","Rosebud ","30087","f30087"
"MT_Sheridan",8.95652173913044,"MT","30","091","Sheridan ","30091","f30091"
"MT_Silver Bow",28.7391304347826,"MT","30","093","Silver Bow ","30093","f30093"
"MT_Stillwater",29.3913043478261,"MT","30","095","Stillwater ","30095","f30095"
"MT_Teton",10.695652173913,"MT","30","099","Teton ","30099","f30099"
"MT_Valley",7.08695652173913,"MT","30","105","Valley ","30105","f30105"
"MT_Yellowstone",127.260869565217,"MT","30","111","Yellowstone ","30111","f30111"
"NC_Alleghany",3.26086956521739,"NC","37","005","Alleghany ","37005","f37005"
"NC_Ashe",2.17391304347826,"NC","37","009","Ashe ","37009","f37009"
"NC_Avery",64.304347826087,"NC","37","011","Avery ","37011","f37011"
"NC_Bladen",7.60869565217391,"NC","37","017","Bladen ","37017","f37017"
"NC_Buncombe",47.7826086956522,"NC","37","021","Buncombe ","37021","f37021"
"NC_Cabarrus",17.4347826086957,"NC","37","025","Cabarrus ","37025","f37025"
"NC_Caldwell",2.17391304347826,"NC","37","027","Caldwell ","37027","f37027"
"NC_Catawba",2.17391304347826,"NC","37","035","Catawba ","37035","f37035"
"NC_Cumberland",860.695652173913,"NC","37","051","Cumberland ","37051","f37051"
"NC_Currituck",2.17391304347826,"NC","37","053","Currituck ","37053","f37053"
"NC_Dare",8.69565217391304,"NC","37","055","Dare ","37055","f37055"
"NC_Davie",1.08695652173913,"NC","37","059","Davie ","37059","f37059"
"NC_Edgecombe",8.69565217391304,"NC","37","065","Edgecombe ","37065","f37065"
"NC_Forsyth",8.26086956521739,"NC","37","067","Forsyth ","37067","f37067"
"NC_Franklin",22.3913043478261,"NC","37","069","Franklin ","37069","f37069"
"NC_Gaston",57.2608695652174,"NC","37","071","Gaston ","37071","f37071"
"NC_Guilford",15.695652173913,"NC","37","081","Guilford ","37081","f37081"
"NC_Henderson",8.69565217391304,"NC","37","089","Henderson ","37089","f37089"
"NC_Iredell",21.9565217391304,"NC","37","097","Iredell ","37097","f37097"
"NC_Johnston",4.78260869565217,"NC","37","101","Johnston ","37101","f37101"
"NC_Madison",10.8695652173913,"NC","37","115","Madison ","37115","f37115"
"NC_McDowell",4.34782608695652,"NC","37","111","McDowell ","37111","f37111"
"NC_Mecklenburg",2.43478260869565,"NC","37","119","Mecklenburg ","37119","f37119"
"NC_Montgomery",1.73913043478261,"NC","37","123","Montgomery ","37123","f37123"
"NC_Moore",8.69565217391304,"NC","37","125","Moore ","37125","f37125"
"NC_Nash",52.6086956521739,"NC","37","127","Nash ","37127","f37127"
"NC_Orange",17.5217391304348,"NC","37","135","Orange ","37135","f37135"
"NC_Person",1.73913043478261,"NC","37","145","Person ","37145","f37145"
"NC_Randolph",8.69565217391304,"NC","37","151","Randolph ","37151","f37151"
"NC_Richmond",16.1739130434783,"NC","37","153","Richmond ","37153","f37153"
"NC_Robeson",2.17391304347826,"NC","37","155","Robeson ","37155","f37155"
"NC_Rockingham",10.6086956521739,"NC","37","157","Rockingham ","37157","f37157"
"NC_Rowan",4.56521739130435,"NC","37","159","Rowan ","37159","f37159"
"NC_Rutherford",23.2608695652174,"NC","37","161","Rutherford ","37161","f37161"
"NC_Sampson",35.2173913043478,"NC","37","163","Sampson ","37163","f37163"
"NC_Stokes",1.08695652173913,"NC","37","169","Stokes ","37169","f37169"
"NC_Surry",2.17391304347826,"NC","37","171","Surry ","37171","f37171"
"NC_Transylvania",8.69565217391304,"NC","37","175","Transylvania ","37175","f37175"
"NC_Vance",3.91304347826087,"NC","37","181","Vance ","37181","f37181"
"NC_Wake",163,"NC","37","183","Wake ","37183","f37183"
"NC_Watauga",3.69565217391304,"NC","37","189","Watauga ","37189","f37189"
"NC_Wayne",1.08695652173913,"NC","37","191","Wayne ","37191","f37191"
"NC_Wilkes",1.08695652173913,"NC","37","193","Wilkes ","37193","f37193"
"NC_Wilson",33,"NC","37","195","Wilson ","37195","f37195"
"NC_Yadkin",5.04347826086957,"NC","37","197","Yadkin ","37197","f37197"
"ND_Barnes",10,"ND","38","003","Barnes ","38003","f38003"
"ND_Bottineau",10.5652173913043,"ND","38","009","Bottineau ","38009","f38009"
"ND_Burke",0.869565217391304,"ND","38","013","Burke ","38013","f38013"
"ND_McHenry",9.78260869565217,"ND","38","049","McHenry ","38049","f38049"
"ND_McIntosh",1.08695652173913,"ND","38","051","McIntosh ","38051","f38051"
"ND_McKenzie",10.2608695652174,"ND","38","053","McKenzie ","38053","f38053"
"ND_Ward",0.869565217391304,"ND","38","101","Ward ","38101","f38101"
"NE_Adams",3397.17391304348,"NE","31","001","Adams ","31001","f31001"
"NE_Antelope",190.086956521739,"NE","31","003","Antelope ","31003","f31003"
"NE_Banner",2.17391304347826,"NE","31","007","Banner ","31007","f31007"
"NE_Box Butte",2.17391304347826,"NE","31","013","Box Butte ","31013","f31013"
"NE_Buffalo",280.478260869565,"NE","31","019","Buffalo ","31019","f31019"
"NE_Burt",75.4782608695652,"NE","31","021","Burt ","31021","f31021"
"NE_Butler",5,"NE","31","023","Butler ","31023","f31023"
"NE_Cass",71.3478260869565,"NE","31","025","Cass ","31025","f31025"
"NE_Cedar",92.0434782608696,"NE","31","027","Cedar ","31027","f31027"
"NE_Cherry",7.82608695652174,"NE","31","031","Cherry ","31031","f31031"
"NE_Clay",395.913043478261,"NE","31","035","Clay ","31035","f31035"
"NE_Colfax",2042.26086956522,"NE","31","037","Colfax ","31037","f31037"
"NE_Cuming",162.826086956522,"NE","31","039","Cuming ","31039","f31039"
"NE_Custer",2.26086956521739,"NE","31","041","Custer ","31041","f31041"
"NE_Dawes",23.0434782608696,"NE","31","045","Dawes ","31045","f31045"
"NE_Dawson",956.521739130435,"NE","31","047","Dawson ","31047","f31047"
"NE_Deuel",113.04347826087,"NE","31","049","Deuel ","31049","f31049"
"NE_Dixon",45.8695652173913,"NE","31","051","Dixon ","31051","f31051"
"NE_Dodge",155.130434782609,"NE","31","053","Dodge ","31053","f31053"
"NE_Dundy",53.2608695652174,"NE","31","057","Dundy ","31057","f31057"
"NE_Fillmore",42.0434782608696,"NE","31","059","Fillmore ","31059","f31059"
"NE_Franklin",208.695652173913,"NE","31","061","Franklin ","31061","f31061"
"NE_Frontier",17.4347826086957,"NE","31","063","Frontier ","31063","f31063"
"NE_Furnas",89.2173913043478,"NE","31","065","Furnas ","31065","f31065"
"NE_Gage",1679.73913043478,"NE","31","067","Gage ","31067","f31067"
"NE_Garden",12.1739130434783,"NE","31","069","Garden ","31069","f31069"
"NE_Gosper",14.6086956521739,"NE","31","073","Gosper ","31073","f31073"
"NE_Grant",27.3913043478261,"NE","31","075","Grant ","31075","f31075"
"NE_Hall",271.695652173913,"NE","31","079","Hall ","31079","f31079"
"NE_Hamilton",402.086956521739,"NE","31","081","Hamilton ","31081","f31081"
"NE_Harlan",100.173913043478,"NE","31","083","Harlan ","31083","f31083"
"NE_Hitchcock",98.3478260869565,"NE","31","087","Hitchcock ","31087","f31087"
"NE_Holt",69.304347826087,"NE","31","089","Holt ","31089","f31089"
"NE_Jefferson",20.8695652173913,"NE","31","095","Jefferson ","31095","f31095"
"NE_Kearney",203.478260869565,"NE","31","099","Kearney ","31099","f31099"
"NE_Keith",47.9565217391304,"NE","31","101","Keith ","31101","f31101"
"NE_Keya Paha",3.26086956521739,"NE","31","103","Keya Paha ","31103","f31103"
"NE_Knox",316,"NE","31","107","Knox ","31107","f31107"
"NE_Lancaster",274.434782608696,"NE","31","109","Lancaster ","31109","f31109"
"NE_Lincoln",1.52173913043478,"NE","31","111","Lincoln ","31111","f31111"
"NE_Madison",214.173913043478,"NE","31","119","Madison ","31119","f31119"
"NE_Merrick",151.739130434783,"NE","31","121","Merrick ","31121","f31121"
"NE_Morrill",619.391304347826,"NE","31","123","Morrill ","31123","f31123"
"NE_Nemaha",8.26086956521739,"NE","31","127","Nemaha ","31127","f31127"
"NE_Nuckolls",293.130434782609,"NE","31","129","Nuckolls ","31129","f31129"
"NE_Perkins",23.4782608695652,"NE","31","135","Perkins ","31135","f31135"
"NE_Phelps",906.391304347826,"NE","31","137","Phelps ","31137","f31137"
"NE_Pierce",303.04347826087,"NE","31","139","Pierce ","31139","f31139"
"NE_Platte",252.260869565217,"NE","31","141","Platte ","31141","f31141"
"NE_Polk",56.3478260869565,"NE","31","143","Polk ","31143","f31143"
"NE_Red Willow",2343.34782608696,"NE","31","145","Red Willow ","31145","f31145"
"NE_Richardson",1079.17391304348,"NE","31","147","Richardson ","31147","f31147"
"NE_Saline",291.695652173913,"NE","31","151","Saline ","31151","f31151"
"NE_Sarpy",87.7826086956522,"NE","31","153","Sarpy ","31153","f31153"
"NE_Saunders",225.739130434783,"NE","31","155","Saunders ","31155","f31155"
"NE_Scotts Bluff",358.130434782609,"NE","31","157","Scotts Bluff ","31157","f31157"
"NE_Seward",1659.91304347826,"NE","31","159","Seward ","31159","f31159"
"NE_Sheridan",1.69565217391304,"NE","31","161","Sheridan ","31161","f31161"
"NE_Sherman",0.91304347826087,"NE","31","163","Sherman ","31163","f31163"
"NE_Sioux",32.7391304347826,"NE","31","165","Sioux ","31165","f31165"
"NE_Stanton",68.5652173913043,"NE","31","167","Stanton ","31167","f31167"
"NE_Thayer",151.173913043478,"NE","31","169","Thayer ","31169","f31169"
"NE_Thurston",239.130434782609,"NE","31","173","Thurston ","31173","f31173"
"NE_Wayne",492.173913043478,"NE","31","179","Wayne ","31179","f31179"
"NE_Webster",72.2173913043478,"NE","31","181","Webster ","31181","f31181"
"NE_York",1641.4347826087,"NE","31","185","York ","31185","f31185"
"NH_Carroll",22.5217391304348,"NH","33","003","Carroll ","33003","f33003"
"NH_Cheshire",6.34782608695652,"NH","33","005","Cheshire ","33005","f33005"
"NH_Grafton",92.3913043478261,"NH","33","009","Grafton ","33009","f33009"
"NH_Hillsborough",18.6521739130435,"NH","33","011","Hillsborough ","33011","f33011"
"NH_Merrimack",2.04347826086957,"NH","33","013","Merrimack ","33013","f33013"
"NH_Rockingham",100.521739130435,"NH","33","015","Rockingham ","33015","f33015"
"NH_Sullivan",56.5217391304348,"NH","33","019","Sullivan ","33019","f33019"
"NJ_Atlantic",105.130434782609,"NJ","34","001","Atlantic ","34001","f34001"
"NJ_Burlington",21.0869565217391,"NJ","34","005","Burlington ","34005","f34005"
"NJ_Camden",18.0869565217391,"NJ","34","007","Camden ","34007","f34007"
"NJ_Cape May",79.8695652173913,"NJ","34","009","Cape May ","34009","f34009"
"NJ_Cumberland",2196.86956521739,"NJ","34","011","Cumberland ","34011","f34011"
"NJ_Gloucester",200.347826086957,"NJ","34","015","Gloucester ","34015","f34015"
"NJ_Hunterdon",18.304347826087,"NJ","34","019","Hunterdon ","34019","f34019"
"NJ_Mercer",56,"NJ","34","021","Mercer ","34021","f34021"
"NJ_Middlesex",21.0869565217391,"NJ","34","023","Middlesex ","34023","f34023"
"NJ_Morris",44.3913043478261,"NJ","34","027","Morris ","34027","f34027"
"NJ_Ocean",403.826086956522,"NJ","34","029","Ocean ","34029","f34029"
"NJ_Passaic",33.0869565217391,"NJ","34","031","Passaic ","34031","f34031"
"NJ_Salem",342.347826086957,"NJ","34","033","Salem ","34033","f34033"
"NJ_Sussex",124.782608695652,"NJ","34","037","Sussex ","34037","f34037"
"NJ_Warren",219.521739130435,"NJ","34","041","Warren ","34041","f34041"
"NM_Bernalillo",59.7826086956522,"NM","35","001","Bernalillo ","35001","f35001"
"NM_Cibola",2.60869565217391,"NM","35","006","Cibola ","35006","f35006"
"NM_Curry",13.8695652173913,"NM","35","009","Curry ","35009","f35009"
"NM_Dona Ana",8.69565217391304,"NM","35","013","Dona Ana ","35013","f35013"
"NM_Eddy",20,"NM","35","015","Eddy ","35015","f35015"
"NM_Guadalupe",39.1304347826087,"NM","35","019","Guadalupe ","35019","f35019"
"NM_Lea",6.30434782608696,"NM","35","025","Lea ","35025","f35025"
"NM_Lincoln",19.5652173913043,"NM","35","027","Lincoln ","35027","f35027"
"NM_Luna",5.65217391304348,"NM","35","029","Luna ","35029","f35029"
"NM_Mora",5.43478260869565,"NM","35","033","Mora ","35033","f35033"
"NM_Rio Arriba",46.0869565217391,"NM","35","039","Rio Arriba ","35039","f35039"
"NM_Roosevelt",1.08695652173913,"NM","35","041","Roosevelt ","35041","f35041"
"NM_San Miguel",1.95652173913043,"NM","35","047","San Miguel ","35047","f35047"
"NM_Santa Fe",244.260869565217,"NM","35","049","Santa Fe ","35049","f35049"
"NM_Taos",6.52173913043478,"NM","35","055","Taos ","35055","f35055"
"NM_Torrance",324.130434782609,"NM","35","057","Torrance ","35057","f35057"
"NV_Churchill",7.60869565217391,"NV","32","001","Churchill ","32001","f32001"
"NV_Clark",5.43478260869565,"NV","32","003","Clark ","32003","f32003"
"NV_Eureka",5.43478260869565,"NV","32","011","Eureka ","32011","f32011"
"NV_Humboldt",74.7826086956522,"NV","32","013","Humboldt ","32013","f32013"
"NV_Lincoln",5.43478260869565,"NV","32","017","Lincoln ","32017","f32017"
"NV_Lyon",2.17391304347826,"NV","32","019","Lyon ","32019","f32019"
"NV_Nye",10.8695652173913,"NV","32","023","Nye ","32023","f32023"
"NV_Washoe",14.0869565217391,"NV","32","031","Washoe ","32031","f32031"
"NY_Broome",1.08695652173913,"NY","36","007","Broome ","36007","f36007"
"NY_Cattaraugus",31.5217391304348,"NY","36","009","Cattaraugus ","36009","f36009"
"NY_Cayuga",7.17391304347826,"NY","36","011","Cayuga ","36011","f36011"
"NY_Chautauqua",28.2608695652174,"NY","36","013","Chautauqua ","36013","f36013"
"NY_Chemung",444.347826086957,"NY","36","015","Chemung ","36015","f36015"
"NY_Cortland",65.3478260869565,"NY","36","023","Cortland ","36023","f36023"
"NY_Delaware",20.1739130434783,"NY","36","025","Delaware ","36025","f36025"
"NY_Dutchess",345.04347826087,"NY","36","027","Dutchess ","36027","f36027"
"NY_Erie",16.0869565217391,"NY","36","029","Erie ","36029","f36029"
"NY_Franklin",2,"NY","36","033","Franklin ","36033","f36033"
"NY_Genesee",1.82608695652174,"NY","36","037","Genesee ","36037","f36037"
"NY_Jefferson",63.7826086956522,"NY","36","045","Jefferson ","36045","f36045"
"NY_Lewis",1.08695652173913,"NY","36","049","Lewis ","36049","f36049"
"NY_Livingston",18.2608695652174,"NY","36","051","Livingston ","36051","f36051"
"NY_Madison",6.73913043478261,"NY","36","053","Madison ","36053","f36053"
"NY_Montgomery",0.434782608695652,"NY","36","057","Montgomery ","36057","f36057"
"NY_Oneida",7.34782608695652,"NY","36","065","Oneida ","36065","f36065"
"NY_Onondaga",10.8695652173913,"NY","36","067","Onondaga ","36067","f36067"
"NY_Oswego",21.6521739130435,"NY","36","075","Oswego ","36075","f36075"
"NY_Otsego",4.60869565217391,"NY","36","077","Otsego ","36077","f36077"
"NY_Putnam",15,"NY","36","079","Putnam ","36079","f36079"
"NY_Rensselaer",13.0434782608696,"NY","36","083","Rensselaer ","36083","f36083"
"NY_Rockland",1.08695652173913,"NY","36","087","Rockland ","36087","f36087"
"NY_Saratoga",69.5217391304348,"NY","36","091","Saratoga ","36091","f36091"
"NY_Schoharie",4.34782608695652,"NY","36","095","Schoharie ","36095","f36095"
"NY_Seneca",46.304347826087,"NY","36","099","Seneca ","36099","f36099"
"NY_St. Lawrence",21.7391304347826,"NY","36","089","St. Lawrence ","36089","f36089"
"NY_Steuben",198.086956521739,"NY","36","101","Steuben ","36101","f36101"
"NY_Suffolk",133.260869565217,"NY","36","103","Suffolk ","36103","f36103"
"NY_Washington",8.65217391304348,"NY","36","115","Washington ","36115","f36115"
"NY_Wayne",38.9565217391304,"NY","36","117","Wayne ","36117","f36117"
"NY_Westchester",23.9565217391304,"NY","36","119","Westchester ","36119","f36119"
"NY_Wyoming",18.9130434782609,"NY","36","121","Wyoming ","36121","f36121"
"NY_Yates",17.3913043478261,"NY","36","123","Yates ","36123","f36123"
"OH_Auglaize",2.17391304347826,"OH","39","011","Auglaize ","39011","f39011"
"OH_Champaign",1038.26086956522,"OH","39","021","Champaign ","39021","f39021"
"OH_Clark",97.9130434782609,"OH","39","023","Clark ","39023","f39023"
"OH_Coshocton",35,"OH","39","031","Coshocton ","39031","f39031"
"OH_Defiance",5019.91304347826,"OH","39","039","Defiance ","39039","f39039"
"OH_Erie",11.304347826087,"OH","39","043","Erie ","39043","f39043"
"OH_Fairfield",6.52173913043478,"OH","39","045","Fairfield ","39045","f39045"
"OH_Franklin",256158.043478261,"OH","39","049","Franklin ","39049","f39049"
"OH_Fulton",317.521739130435,"OH","39","051","Fulton ","39051","f39051"
"OH_Geauga",11.9565217391304,"OH","39","055","Geauga ","39055","f39055"
"OH_Greene",38.695652173913,"OH","39","057","Greene ","39057","f39057"
"OH_Hamilton",4.78260869565217,"OH","39","061","Hamilton ","39061","f39061"
"OH_Henry",2254.86956521739,"OH","39","069","Henry ","39069","f39069"
"OH_Hocking",25,"OH","39","073","Hocking ","39073","f39073"
"OH_Huron",417.478260869565,"OH","39","077","Huron ","39077","f39077"
"OH_Jefferson",4.34782608695652,"OH","39","081","Jefferson ","39081","f39081"
"OH_Knox",17.3913043478261,"OH","39","083","Knox ","39083","f39083"
"OH_Lucas",2.17391304347826,"OH","39","095","Lucas ","39095","f39095"
"OH_Meigs",4.34782608695652,"OH","39","105","Meigs ","39105","f39105"
"OH_Miami",505.869565217391,"OH","39","109","Miami ","39109","f39109"
"OH_Montgomery",143.347826086957,"OH","39","113","Montgomery ","39113","f39113"
"OH_Muskingum",7.60869565217391,"OH","39","119","Muskingum ","39119","f39119"
"OH_Perry",2.17391304347826,"OH","39","127","Perry ","39127","f39127"
"OH_Pickaway",23.4782608695652,"OH","39","129","Pickaway ","39129","f39129"
"OH_Richland",29.5652173913043,"OH","39","139","Richland ","39139","f39139"
"OH_Ross",3.26086956521739,"OH","39","141","Ross ","39141","f39141"
"OH_Sandusky",8761.26086956522,"OH","39","143","Sandusky ","39143","f39143"
"OH_Seneca",784.130434782609,"OH","39","147","Seneca ","39147","f39147"
"OH_Stark",8.69565217391304,"OH","39","151","Stark ","39151","f39151"
"OH_Summit",1.52173913043478,"OH","39","153","Summit ","39153","f39153"
"OH_Van Wert",943.130434782609,"OH","39","161","Van Wert ","39161","f39161"
"OH_Warren",24.7826086956522,"OH","39","165","Warren ","39165","f39165"
"OH_Washington",246.869565217391,"OH","39","167","Washington ","39167","f39167"
"OH_Wayne",11.0869565217391,"OH","39","169","Wayne ","39169","f39169"
"OH_Wood",1388.4347826087,"OH","39","173","Wood ","39173","f39173"
"OH_Wyandot",20.8695652173913,"OH","39","175","Wyandot ","39175","f39175"
"OK_Alfalfa",1082.17391304348,"OK","40","003","Alfalfa ","40003","f40003"
"OK_Beaver",1.52173913043478,"OK","40","007","Beaver ","40007","f40007"
"OK_Beckham",708.95652173913,"OK","40","009","Beckham ","40009","f40009"
"OK_Blaine",2217.17391304348,"OK","40","011","Blaine ","40011","f40011"
"OK_Caddo",1000.04347826087,"OK","40","015","Caddo ","40015","f40015"
"OK_Canadian",755.434782608696,"OK","40","017","Canadian ","40017","f40017"
"OK_Cherokee",6.52173913043478,"OK","40","021","Cherokee ","40021","f40021"
"OK_Cimarron",4.34782608695652,"OK","40","025","Cimarron ","40025","f40025"
"OK_Cleveland",48.7391304347826,"OK","40","027","Cleveland ","40027","f40027"
"OK_Comanche",146.95652173913,"OK","40","031","Comanche ","40031","f40031"
"OK_Cotton",377.391304347826,"OK","40","033","Cotton ","40033","f40033"
"OK_Custer",64.4782608695652,"OK","40","039","Custer ","40039","f40039"
"OK_Dewey",361.565217391304,"OK","40","043","Dewey ","40043","f40043"
"OK_Ellis",107.434782608696,"OK","40","045","Ellis ","40045","f40045"
"OK_Garfield",879.739130434783,"OK","40","047","Garfield ","40047","f40047"
"OK_Grady",692.04347826087,"OK","40","051","Grady ","40051","f40051"
"OK_Grant",196.04347826087,"OK","40","053","Grant ","40053","f40053"
"OK_Greer",1356.95652173913,"OK","40","055","Greer ","40055","f40055"
"OK_Harmon",2460.86956521739,"OK","40","057","Harmon ","40057","f40057"
"OK_Harper",96.695652173913,"OK","40","059","Harper ","40059","f40059"
"OK_Jackson",82.9565217391304,"OK","40","065","Jackson ","40065","f40065"
"OK_Jefferson",16.7826086956522,"OK","40","067","Jefferson ","40067","f40067"
"OK_Kay",2.60869565217391,"OK","40","071","Kay ","40071","f40071"
"OK_Kingfisher",2403.69565217391,"OK","40","073","Kingfisher ","40073","f40073"
"OK_Kiowa",200.173913043478,"OK","40","075","Kiowa ","40075","f40075"
"OK_Lincoln",18.4782608695652,"OK","40","081","Lincoln ","40081","f40081"
"OK_Logan",948.869565217391,"OK","40","083","Logan ","40083","f40083"
"OK_Major",1135.21739130435,"OK","40","093","Major ","40093","f40093"
"OK_Marshall",40.2173913043478,"OK","40","095","Marshall ","40095","f40095"
"OK_McClain",5.21739130434783,"OK","40","087","McClain ","40087","f40087"
"OK_Oklahoma",3.34782608695652,"OK","40","109","Oklahoma ","40109","f40109"
"OK_Osage",78.9130434782609,"OK","40","113","Osage ","40113","f40113"
"OK_Payne",182.695652173913,"OK","40","119","Payne ","40119","f40119"
"OK_Pottawatomie",9.21739130434783,"OK","40","125","Pottawatomie ","40125","f40125"
"OK_Roger Mills",100,"OK","40","129","Roger Mills ","40129","f40129"
"OK_Stephens",5.30434782608696,"OK","40","137","Stephens ","40137","f40137"
"OK_Texas",5.43478260869565,"OK","40","139","Texas ","40139","f40139"
"OK_Tillman",1469.4347826087,"OK","40","141","Tillman ","40141","f40141"
"OK_Washita",1868.82608695652,"OK","40","149","Washita ","40149","f40149"
"OK_Woods",438.260869565217,"OK","40","151","Woods ","40151","f40151"
"OK_Woodward",681.347826086957,"OK","40","153","Woodward ","40153","f40153"
"OR_Benton",41.7391304347826,"OR","41","003","Benton ","41003","f41003"
"OR_Clackamas",24.7826086956522,"OR","41","005","Clackamas ","41005","f41005"
"OR_Columbia",3.47826086956522,"OR","41","009","Columbia ","41009","f41009"
"OR_Coos",13.0434782608696,"OR","41","011","Coos ","41011","f41011"
"OR_Crook",7.39130434782609,"OR","41","013","Crook ","41013","f41013"
"OR_Deschutes",2,"OR","41","017","Deschutes ","41017","f41017"
"OR_Harney",5.43478260869565,"OR","41","025","Harney ","41025","f41025"
"OR_Jefferson",8.69565217391304,"OR","41","031","Jefferson ","41031","f41031"
"OR_Josephine",0.521739130434783,"OR","41","033","Josephine ","41033","f41033"
"OR_Klamath",29.1304347826087,"OR","41","035","Klamath ","41035","f41035"
"OR_Lane",37.6086956521739,"OR","41","039","Lane ","41039","f41039"
"OR_Linn",11.695652173913,"OR","41","043","Linn ","41043","f41043"
"OR_Malheur",40.1739130434783,"OR","41","045","Malheur ","41045","f41045"
"OR_Marion",34.304347826087,"OR","41","047","Marion ","41047","f41047"
"OR_Morrow",88.0434782608696,"OR","41","049","Morrow ","41049","f41049"
"OR_Polk",571.304347826087,"OR","41","053","Polk ","41053","f41053"
"OR_Sherman",1.30434782608696,"OR","41","055","Sherman ","41055","f41055"
"OR_Umatilla",348.130434782609,"OR","41","059","Umatilla ","41059","f41059"
"OR_Union",2.17391304347826,"OR","41","061","Union ","41061","f41061"
"OR_Wasco",17.8260869565217,"OR","41","065","Wasco ","41065","f41065"
"OR_Washington",3.91304347826087,"OR","41","067","Washington ","41067","f41067"
"PA_Adams",451.434782608696,"PA","42","001","Adams ","42001","f42001"
"PA_Allegheny",2.17391304347826,"PA","42","003","Allegheny ","42003","f42003"
"PA_Armstrong",17.3913043478261,"PA","42","005","Armstrong ","42005","f42005"
"PA_Beaver",7.39130434782609,"PA","42","007","Beaver ","42007","f42007"
"PA_Bedford",189.478260869565,"PA","42","009","Bedford ","42009","f42009"
"PA_Berks",397.652173913043,"PA","42","011","Berks ","42011","f42011"
"PA_Blair",286.95652173913,"PA","42","013","Blair ","42013","f42013"
"PA_Bradford",8.69565217391304,"PA","42","015","Bradford ","42015","f42015"
"PA_Bucks",76.0869565217391,"PA","42","017","Bucks ","42017","f42017"
"PA_Butler",10.8695652173913,"PA","42","019","Butler ","42019","f42019"
"PA_Cambria",17.3913043478261,"PA","42","021","Cambria ","42021","f42021"
"PA_Centre",14.0434782608696,"PA","42","027","Centre ","42027","f42027"
"PA_Chester",4706.08695652174,"PA","42","029","Chester ","42029","f42029"
"PA_Clarion",1.08695652173913,"PA","42","031","Clarion ","42031","f42031"
"PA_Clearfield",1.08695652173913,"PA","42","033","Clearfield ","42033","f42033"
"PA_Clinton",16.304347826087,"PA","42","035","Clinton ","42035","f42035"
"PA_Columbia",3.26086956521739,"PA","42","037","Columbia ","42037","f42037"
"PA_Crawford",22.1739130434783,"PA","42","039","Crawford ","42039","f42039"
"PA_Cumberland",34.3478260869565,"PA","42","041","Cumberland ","42041","f42041"
"PA_Dauphin",100.652173913043,"PA","42","043","Dauphin ","42043","f42043"
"PA_Delaware",63.304347826087,"PA","42","045","Delaware ","42045","f42045"
"PA_Erie",187.565217391304,"PA","42","049","Erie ","42049","f42049"
"PA_Franklin",648.521739130435,"PA","42","055","Franklin ","42055","f42055"
"PA_Huntingdon",14.3478260869565,"PA","42","061","Huntingdon ","42061","f42061"
"PA_Indiana",52.7826086956522,"PA","42","063","Indiana ","42063","f42063"
"PA_Jefferson",43.4782608695652,"PA","42","065","Jefferson ","42065","f42065"
"PA_Juniata",4.34782608695652,"PA","42","067","Juniata ","42067","f42067"
"PA_Lancaster",6473.13043478261,"PA","42","071","Lancaster ","42071","f42071"
"PA_Lawrence",2.17391304347826,"PA","42","073","Lawrence ","42073","f42073"
"PA_Lebanon",404.391304347826,"PA","42","075","Lebanon ","42075","f42075"
"PA_Lehigh",337.565217391304,"PA","42","077","Lehigh ","42077","f42077"
"PA_Luzerne",26.0869565217391,"PA","42","079","Luzerne ","42079","f42079"
"PA_Lycoming",6.52173913043478,"PA","42","081","Lycoming ","42081","f42081"
"PA_Mercer",13.0434782608696,"PA","42","085","Mercer ","42085","f42085"
"PA_Mifflin",1.30434782608696,"PA","42","087","Mifflin ","42087","f42087"
"PA_Monroe",56.0869565217391,"PA","42","089","Monroe ","42089","f42089"
"PA_Montgomery",33.695652173913,"PA","42","091","Montgomery ","42091","f42091"
"PA_Northampton",429.130434782609,"PA","42","095","Northampton ","42095","f42095"
"PA_Northumberland",7.65217391304348,"PA","42","097","Northumberland ","42097","f42097"
"PA_Perry",63,"PA","42","099","Perry ","42099","f42099"
"PA_Potter",2.17391304347826,"PA","42","105","Potter ","42105","f42105"
"PA_Schuylkill",45,"PA","42","107","Schuylkill ","42107","f42107"
"PA_Snyder",63.4782608695652,"PA","42","109","Snyder ","42109","f42109"
"PA_Somerset",2.1304347826087,"PA","42","111","Somerset ","42111","f42111"
"PA_Sullivan",2.17391304347826,"PA","42","113","Sullivan ","42113","f42113"
"PA_Tioga",10.0869565217391,"PA","42","117","Tioga ","42117","f42117"
"PA_Union",74.2608695652174,"PA","42","119","Union ","42119","f42119"
"PA_Washington",10.8695652173913,"PA","42","125","Washington ","42125","f42125"
"PA_Wayne",14.3478260869565,"PA","42","127","Wayne ","42127","f42127"
"PA_Westmoreland",11.9565217391304,"PA","42","129","Westmoreland ","42129","f42129"
"PA_Wyoming",6.08695652173913,"PA","42","131","Wyoming ","42131","f42131"
"PA_York",3351.69565217391,"PA","42","133","York ","42133","f42133"
"PR_Arecibo Municipio",4040.95652173913,"PR","72","013","Arecibo Municipio","72013","f72013"
"PR_Barceloneta Municipio",1059.65217391304,"PR","72","017","Barceloneta Municipio","72017","f72017"
"PR_Guanica Municipio",1118.60869565217,"PR","72","055","Guanica Municipio","72055","f72055"
"PR_Juana Diaz Municipio",986.478260869565,"PR","72","075","Juana Diaz Municipio","72075","f72075"
"PR_Manati Municipio",7153.13043478261,"PR","72","091","Manati Municipio","72091","f72091"
"PR_Vega Baja Municipio",165.739130434783,"PR","72","145","Vega Baja Municipio","72145","f72145"
"RI_Kent",6.26086956521739,"RI","44","003","Kent ","44003","f44003"
"RI_Newport",12.8695652173913,"RI","44","005","Newport ","44005","f44005"
"RI_Providence",1.08695652173913,"RI","44","007","Providence ","44007","f44007"
"RI_Washington",134.95652173913,"RI","44","009","Washington ","44009","f44009"
"SC_Aiken",2.26086956521739,"SC","45","003","Aiken ","45003","f45003"
"SC_Florence",3.1304347826087,"SC","45","041","Florence ","45041","f45041"
"SC_Laurens",8.34782608695652,"SC","45","059","Laurens ","45059","f45059"
"SC_Lexington",0,"SC","45","063","Lexington ","45063","f45063"
"SC_Sumter",2,"SC","45","085","Sumter ","45085","f45085"
"SC_York",4.26086956521739,"SC","45","091","York ","45091","f45091"
"SD_Bennett",3.26086956521739,"SD","46","007","Bennett ","46007","f46007"
"SD_Brookings",4.69565217391304,"SD","46","011","Brookings ","46011","f46011"
"SD_Codington",6.52173913043478,"SD","46","029","Codington ","46029","f46029"
"SD_Custer",14.3478260869565,"SD","46","033","Custer ","46033","f46033"
"SD_Fall River",16.4347826086957,"SD","46","047","Fall River ","46047","f46047"
"SD_Gregory",37.6086956521739,"SD","46","053","Gregory ","46053","f46053"
"SD_Haakon",4.56521739130435,"SD","46","055","Haakon ","46055","f46055"
"SD_Hamlin",168.04347826087,"SD","46","057","Hamlin ","46057","f46057"
"SD_Lake",4.34782608695652,"SD","46","079","Lake ","46079","f46079"
"SD_Lawrence",69.5652173913043,"SD","46","081","Lawrence ","46081","f46081"
"SD_Marshall",5.82608695652174,"SD","46","091","Marshall ","46091","f46091"
"SD_Meade",11.9565217391304,"SD","46","093","Meade ","46093","f46093"
"SD_Minnehaha",36.9565217391304,"SD","46","099","Minnehaha ","46099","f46099"
"SD_Moody",10.0869565217391,"SD","46","101","Moody ","46101","f46101"
"SD_Pennington",45.7391304347826,"SD","46","103","Pennington ","46103","f46103"
"TN_Monroe",30.4347826086957,"TN","47","123","Monroe ","47123","f47123"
"TN_Weakley",1.08695652173913,"TN","47","183","Weakley ","47183","f47183"
"TX_Bailey",470.260869565217,"TX","48","017","Bailey ","48017","f48017"
"TX_Baylor",639.739130434783,"TX","48","023","Baylor ","48023","f48023"
"TX_Bee",0,"TX","48","025","Bee ","48025","f48025"
"TX_Bexar",44.2173913043478,"TX","48","029","Bexar ","48029","f48029"
"TX_Briscoe",420.695652173913,"TX","48","045","Briscoe ","48045","f48045"
"TX_Burnet",14.3913043478261,"TX","48","053","Burnet ","48053","f48053"
"TX_Caldwell",259.304347826087,"TX","48","055","Caldwell ","48055","f48055"
"TX_Clay",414.347826086957,"TX","48","077","Clay ","48077","f48077"
"TX_Cochran",88.0434782608696,"TX","48","079","Cochran ","48079","f48079"
"TX_Collingsworth",806.04347826087,"TX","48","087","Collingsworth ","48087","f48087"
"TX_Colorado",10.8695652173913,"TX","48","089","Colorado ","48089","f48089"
"TX_Comal",7.73913043478261,"TX","48","091","Comal ","48091","f48091"
"TX_Concho",156.782608695652,"TX","48","095","Concho ","48095","f48095"
"TX_Cottle",51.5652173913044,"TX","48","101","Cottle ","48101","f48101"
"TX_Dallam",0,"TX","48","111","Dallam ","48111","f48111"
"TX_Dawson",321.217391304348,"TX","48","115","Dawson ","48115","f48115"
"TX_Deaf Smith",5.04347826086957,"TX","48","117","Deaf Smith ","48117","f48117"
"TX_DeWitt",43.4782608695652,"TX","48","123","DeWitt ","48123","f48123"
"TX_Duval",0,"TX","48","131","Duval ","48131","f48131"
"TX_Eastland",42.8260869565217,"TX","48","133","Eastland ","48133","f48133"
"TX_Ector",258.695652173913,"TX","48","135","Ector ","48135","f48135"
"TX_Falls",6.34782608695652,"TX","48","145","Falls ","48145","f48145"
"TX_Foard",30.5217391304348,"TX","48","155","Foard ","48155","f48155"
"TX_Gaines",508.869565217391,"TX","48","165","Gaines ","48165","f48165"
"TX_Garza",58.695652173913,"TX","48","169","Garza ","48169","f48169"
"TX_Gillespie",3.91304347826087,"TX","48","171","Gillespie ","48171","f48171"
"TX_Glasscock",17.6086956521739,"TX","48","173","Glasscock ","48173","f48173"
"TX_Goliad",1.30434782608696,"TX","48","175","Goliad ","48175","f48175"
"TX_Gray",33.4782608695652,"TX","48","179","Gray ","48179","f48179"
"TX_Guadalupe",0,"TX","48","187","Guadalupe ","48187","f48187"
"TX_Hale",5.47826086956522,"TX","48","189","Hale ","48189","f48189"
"TX_Hall",566.565217391304,"TX","48","191","Hall ","48191","f48191"
"TX_Hardeman",219.739130434783,"TX","48","197","Hardeman ","48197","f48197"
"TX_Harris",15,"TX","48","201","Harris ","48201","f48201"
"TX_Haskell",561.565217391304,"TX","48","207","Haskell ","48207","f48207"
"TX_Hidalgo",275.086956521739,"TX","48","215","Hidalgo ","48215","f48215"
"TX_Hockley",110.869565217391,"TX","48","219","Hockley ","48219","f48219"
"TX_Hood",12.9130434782609,"TX","48","221","Hood ","48221","f48221"
"TX_Howard",0,"TX","48","227","Howard ","48227","f48227"
"TX_Jeff Davis",95.6521739130435,"TX","48","243","Jeff Davis ","48243","f48243"
"TX_Karnes",21.2173913043478,"TX","48","255","Karnes ","48255","f48255"
"TX_Kerr",13.0434782608696,"TX","48","265","Kerr ","48265","f48265"
"TX_King",279.652173913043,"TX","48","269","King ","48269","f48269"
"TX_Knox",197.217391304348,"TX","48","275","Knox ","48275","f48275"
"TX_Lamb",82.5217391304348,"TX","48","279","Lamb ","48279","f48279"
"TX_Llano",154.391304347826,"TX","48","299","Llano ","48299","f48299"
"TX_Lubbock",1729.52173913043,"TX","48","303","Lubbock ","48303","f48303"
"TX_Lynn",1455.95652173913,"TX","48","305","Lynn ","48305","f48305"
"TX_Martin",1113.47826086957,"TX","48","317","Martin ","48317","f48317"
"TX_McCulloch",6.78260869565217,"TX","48","307","McCulloch ","48307","f48307"
"TX_Midland",2673.82608695652,"TX","48","329","Midland ","48329","f48329"
"TX_Mills",48.1304347826087,"TX","48","333","Mills ","48333","f48333"
"TX_Montague",1.73913043478261,"TX","48","337","Montague ","48337","f48337"
"TX_Motley",49.5652173913044,"TX","48","345","Motley ","48345","f48345"
"TX_Nolan",1163.47826086957,"TX","48","353","Nolan ","48353","f48353"
"TX_Parker",18.3913043478261,"TX","48","367","Parker ","48367","f48367"
"TX_Parmer",78.2608695652174,"TX","48","369","Parmer ","48369","f48369"
"TX_Randall",45.5652173913044,"TX","48","381","Randall ","48381","f48381"
"TX_Runnels",378.260869565217,"TX","48","399","Runnels ","48399","f48399"
"TX_Scurry",0,"TX","48","415","Scurry ","48415","f48415"
"TX_Starr",9.78260869565217,"TX","48","427","Starr ","48427","f48427"
"TX_Stonewall",81.7391304347826,"TX","48","433","Stonewall ","48433","f48433"
"TX_Terry",188.695652173913,"TX","48","445","Terry ","48445","f48445"
"TX_Tom Green",114.130434782609,"TX","48","451","Tom Green ","48451","f48451"
"TX_Uvalde",38.3478260869565,"TX","48","463","Uvalde ","48463","f48463"
"TX_Val Verde",207.608695652174,"TX","48","465","Val Verde ","48465","f48465"
"TX_Webb",20,"TX","48","479","Webb ","48479","f48479"
"TX_Wharton",0,"TX","48","481","Wharton ","48481","f48481"
"TX_Wheeler",1191.21739130435,"TX","48","483","Wheeler ","48483","f48483"
"TX_Wichita",6501.65217391304,"TX","48","485","Wichita ","48485","f48485"
"TX_Wilbarger",9135.82608695652,"TX","48","487","Wilbarger ","48487","f48487"
"TX_Williamson",197.826086956522,"TX","48","491","Williamson ","48491","f48491"
"TX_Yoakum",3.26086956521739,"TX","48","501","Yoakum ","48501","f48501"
"TX_Zavala",78.2608695652174,"TX","48","507","Zavala ","48507","f48507"
"UT_Box Elder",1.73913043478261,"UT","49","003","Box Elder ","49003","f49003"
"VA_Accomack",5,"VA","51","001","Accomack ","51001","f51001"
"VA_Albemarle",4.34782608695652,"VA","51","003","Albemarle ","51003","f51003"
"VA_Bedford",10.304347826087,"VA","51","019","Bedford ","51019","f51019"
"VA_Brunswick",1.30434782608696,"VA","51","025","Brunswick ","51025","f51025"
"VA_Campbell",2.26086956521739,"VA","51","031","Campbell ","51031","f51031"
"VA_Culpeper",5.43478260869565,"VA","51","047","Culpeper ","51047","f51047"
"VA_Franklin",8.69565217391304,"VA","51","067","Franklin ","51067","f51067"
"VA_Grayson",4.78260869565217,"VA","51","077","Grayson ","51077","f51077"
"VA_Henry",6.95652173913043,"VA","51","089","Henry ","51089","f51089"
"VA_Madison",1.26086956521739,"VA","51","113","Madison ","51113","f51113"
"VA_Mecklenburg",2.17391304347826,"VA","51","117","Mecklenburg ","51117","f51117"
"VA_Nelson",17.3913043478261,"VA","51","125","Nelson ","51125","f51125"
"VA_Nottoway",48.695652173913,"VA","51","135","Nottoway ","51135","f51135"
"VA_Page",3.26086956521739,"VA","51","139","Page ","51139","f51139"
"VA_Roanoke",16.4782608695652,"VA","51","161","Roanoke ","51161","f51161"
"VI_St. Croix Island",370.826086956522,"VI","78","010","St. Croix Island","78010","f78010"
"VT_Caledonia",16.0869565217391,"VT","50","005","Caledonia ","50005","f50005"
"VT_Franklin",3.47826086956522,"VT","50","011","Franklin ","50011","f50011"
"VT_Rutland",1.60869565217391,"VT","50","021","Rutland ","50021","f50021"
"VT_Windsor",1.78260869565217,"VT","50","027","Windsor ","50027","f50027"
"WA_Adams",192.04347826087,"WA","53","001","Adams ","53001","f53001"
"WA_Benton",512.826086956522,"WA","53","005","Benton ","53005","f53005"
"WA_Chelan",6.8695652173913,"WA","53","007","Chelan ","53007","f53007"
"WA_Clallam",2.39130434782609,"WA","53","009","Clallam ","53009","f53009"
"WA_Douglas",426.434782608696,"WA","53","017","Douglas ","53017","f53017"
"WA_Ferry",178.260869565217,"WA","53","019","Ferry ","53019","f53019"
"WA_Franklin",1068.73913043478,"WA","53","021","Franklin ","53021","f53021"
"WA_Grant",320.695652173913,"WA","53","025","Grant ","53025","f53025"
"WA_Island",6.1304347826087,"WA","53","029","Island ","53029","f53029"
"WA_Klickitat",24.7826086956522,"WA","53","039","Klickitat ","53039","f53039"
"WA_Lincoln",86.4782608695652,"WA","53","043","Lincoln ","53043","f53043"
"WA_Okanogan",18.4347826086957,"WA","53","047","Okanogan ","53047","f53047"
"WA_Pierce",154.782608695652,"WA","53","053","Pierce ","53053","f53053"
"WA_Spokane",37.1739130434783,"WA","53","063","Spokane ","53063","f53063"
"WA_Stevens",23.8695652173913,"WA","53","065","Stevens ","53065","f53065"
"WA_Walla Walla",1551.65217391304,"WA","53","071","Walla Walla ","53071","f53071"
"WA_Whatcom",589.304347826087,"WA","53","073","Whatcom ","53073","f53073"
"WA_Whitman",104.695652173913,"WA","53","075","Whitman ","53075","f53075"
"WA_Yakima",56.6521739130435,"WA","53","077","Yakima ","53077","f53077"
"WI_Adams",33.4782608695652,"WI","55","001","Adams ","55001","f55001"
"WI_Ashland",2.17391304347826,"WI","55","003","Ashland ","55003","f55003"
"WI_Barron",84.3478260869565,"WI","55","005","Barron ","55005","f55005"
"WI_Brown",1.08695652173913,"WI","55","009","Brown ","55009","f55009"
"WI_Buffalo",9.34782608695652,"WI","55","011","Buffalo ","55011","f55011"
"WI_Calumet",4.34782608695652,"WI","55","015","Calumet ","55015","f55015"
"WI_Chippewa",147.260869565217,"WI","55","017","Chippewa ","55017","f55017"
"WI_Clark",2.17391304347826,"WI","55","019","Clark ","55019","f55019"
"WI_Columbia",324.391304347826,"WI","55","021","Columbia ","55021","f55021"
"WI_Crawford",3.26086956521739,"WI","55","023","Crawford ","55023","f55023"
"WI_Dane",198.739130434783,"WI","55","025","Dane ","55025","f55025"
"WI_Dodge",89.6086956521739,"WI","55","027","Dodge ","55027","f55027"
"WI_Door",14.695652173913,"WI","55","029","Door ","55029","f55029"
"WI_Dunn",24.0869565217391,"WI","55","033","Dunn ","55033","f55033"
"WI_Eau Claire",20.1739130434783,"WI","55","035","Eau Claire ","55035","f55035"
"WI_Florence",4.34782608695652,"WI","55","037","Florence ","55037","f55037"
"WI_Fond du Lac",80.1304347826087,"WI","55","039","Fond du Lac ","55039","f55039"
"WI_Forest",1.30434782608696,"WI","55","041","Forest ","55041","f55041"
"WI_Grant",51.9565217391304,"WI","55","043","Grant ","55043","f55043"
"WI_Green",11.6086956521739,"WI","55","045","Green ","55045","f55045"
"WI_Green Lake",10.1739130434783,"WI","55","047","Green Lake ","55047","f55047"
"WI_Iowa",11.6521739130435,"WI","55","049","Iowa ","55049","f55049"
"WI_Iron",6.52173913043478,"WI","55","051","Iron ","55051","f55051"
"WI_Jackson",19.304347826087,"WI","55","053","Jackson ","55053","f55053"
"WI_Jefferson",45.7391304347826,"WI","55","055","Jefferson ","55055","f55055"
"WI_Juneau",20,"WI","55","057","Juneau ","55057","f55057"
"WI_Kenosha",2.17391304347826,"WI","55","059","Kenosha ","55059","f55059"
"WI_La Crosse",68,"WI","55","063","La Crosse ","55063","f55063"
"WI_Lafayette",7.69565217391304,"WI","55","065","Lafayette ","55065","f55065"
"WI_Langlade",14.7826086956522,"WI","55","067","Langlade ","55067","f55067"
"WI_Lincoln",4.34782608695652,"WI","55","069","Lincoln ","55069","f55069"
"WI_Manitowoc",100.130434782609,"WI","55","071","Manitowoc ","55071","f55071"
"WI_Marathon",72.9130434782609,"WI","55","073","Marathon ","55073","f55073"
"WI_Marinette",48.0434782608696,"WI","55","075","Marinette ","55075","f55075"
"WI_Marquette",36.7826086956522,"WI","55","077","Marquette ","55077","f55077"
"WI_Monroe",28.8260869565217,"WI","55","081","Monroe ","55081","f55081"
"WI_Oconto",6.39130434782609,"WI","55","083","Oconto ","55083","f55083"
"WI_Oneida",100.739130434783,"WI","55","085","Oneida ","55085","f55085"
"WI_Outagamie",1.08695652173913,"WI","55","087","Outagamie ","55087","f55087"
"WI_Pepin",6.52173913043478,"WI","55","091","Pepin ","55091","f55091"
"WI_Pierce",218.695652173913,"WI","55","093","Pierce ","55093","f55093"
"WI_Polk",2.17391304347826,"WI","55","095","Polk ","55095","f55095"
"WI_Portage",1276.60869565217,"WI","55","097","Portage ","55097","f55097"
"WI_Racine",8.73913043478261,"WI","55","101","Racine ","55101","f55101"
"WI_Richland",3.78260869565217,"WI","55","103","Richland ","55103","f55103"
"WI_Rock",261.478260869565,"WI","55","105","Rock ","55105","f55105"
"WI_Rusk",2.39130434782609,"WI","55","107","Rusk ","55107","f55107"
"WI_Sauk",241.391304347826,"WI","55","111","Sauk ","55111","f55111"
"WI_Shawano",29.6521739130435,"WI","55","115","Shawano ","55115","f55115"
"WI_St. Croix",50.2173913043478,"WI","55","109","St. Croix ","55109","f55109"
"WI_Trempealeau",79.6086956521739,"WI","55","121","Trempealeau ","55121","f55121"
"WI_Vernon",6.52173913043478,"WI","55","123","Vernon ","55123","f55123"
"WI_Vilas",70.9130434782609,"WI","55","125","Vilas ","55125","f55125"
"WI_Walworth",314.04347826087,"WI","55","127","Walworth ","55127","f55127"
"WI_Washburn",1.08695652173913,"WI","55","129","Washburn ","55129","f55129"
"WI_Washington",663.95652173913,"WI","55","131","Washington ","55131","f55131"
"WI_Waukesha",80.0869565217391,"WI","55","133","Waukesha ","55133","f55133"
"WI_Waupaca",302.130434782609,"WI","55","135","Waupaca ","55135","f55135"
"WI_Waushara",16.1739130434783,"WI","55","137","Waushara ","55137","f55137"
"WI_Winnebago",6.52173913043478,"WI","55","139","Winnebago ","55139","f55139"
"WI_Wood",31.5217391304348,"WI","55","141","Wood ","55141","f55141"
"WV_Berkeley",8,"WV","54","003","Berkeley ","54003","f54003"
"WV_Jefferson",29.6086956521739,"WV","54","037","Jefferson ","54037","f54037"
"WV_Mason",27.3913043478261,"WV","54","053","Mason ","54053","f54053"
"WV_Mingo",2.17391304347826,"WV","54","059","Mingo ","54059","f54059"
"WY_Goshen",609.826086956522,"WY","56","015","Goshen ","56015","f56015"
"WY_Laramie",5.21739130434783,"WY","56","021","Laramie ","56021","f56021"
"WY_Natrona",0,"WY","56","025","Natrona ","56025","f56025"
"WY_Teton",17.3913043478261,"WY","56","039","Teton ","56039","f56039"
